name,url
No.01,https://images2.imgbox.com/ca/87/b4zKqZd2_o.jpg
No.01,https://images2.imgbox.com/ca/87/b4zKqZd2_o.jpg
No.01,https://images2.imgbox.com/ca/87/b4zKqZd2_o.jpg
No.01,https://images2.imgbox.com/ca/87/b4zKqZd2_o.jpg
No.01,https://images2.imgbox.com/ca/87/b4zKqZd2_o.jpg
No.01,https://images2.imgbox.com/ca/87/b4zKqZd2_o.jpg
No.01,https://images2.imgbox.com/ca/87/b4zKqZd2_o.jpg
No.02,https://images2.imgbox.com/d5/5d/XAeaZdX1_o.jpg
No.02,https://images2.imgbox.com/d5/5d/XAeaZdX1_o.jpg
No.02,https://images2.imgbox.com/d5/5d/XAeaZdX1_o.jpg
No.02,https://images2.imgbox.com/d5/5d/XAeaZdX1_o.jpg
No.02,https://images2.imgbox.com/d5/5d/XAeaZdX1_o.jpg
No.02,https://images2.imgbox.com/d5/5d/XAeaZdX1_o.jpg
No.02,https://images2.imgbox.com/d5/5d/XAeaZdX1_o.jpg
No.02,https://images2.imgbox.com/d5/5d/XAeaZdX1_o.jpg
No.02,https://images2.imgbox.com/d5/5d/XAeaZdX1_o.jpg
No.02,https://images2.imgbox.com/d5/5d/XAeaZdX1_o.jpg
No.02,https://images2.imgbox.com/d5/5d/XAeaZdX1_o.jpg
No.03,https://images2.imgbox.com/f4/eb/10QZQQiM_o.jpg
No.04,https://images2.imgbox.com/dc/02/bxE6WivP_o.jpg
No.04,https://images2.imgbox.com/dc/02/bxE6WivP_o.jpg
No.04,https://images2.imgbox.com/dc/02/bxE6WivP_o.jpg
No.05,https://images2.imgbox.com/b2/86/IaZhSJCG_o.jpg
No.05,https://images2.imgbox.com/b2/86/IaZhSJCG_o.jpg
No.06,https://images2.imgbox.com/26/dd/UplCM08E_o.jpg
No.07,https://images2.imgbox.com/76/11/RlJcstEa_o.jpg
No.07,https://images2.imgbox.com/76/11/RlJcstEa_o.jpg
No.08,https://images2.imgbox.com/10/84/FtsqzknC_o.jpg
No.08,https://images2.imgbox.com/10/84/FtsqzknC_o.jpg
No.08,https://images2.imgbox.com/10/84/FtsqzknC_o.jpg
No.08,https://images2.imgbox.com/10/84/FtsqzknC_o.jpg
No.09,https://images2.imgbox.com/a3/99/PqRvTfvw_o.jpg
No.09,https://images2.imgbox.com/a3/99/PqRvTfvw_o.jpg
No.09,https://images2.imgbox.com/a3/99/PqRvTfvw_o.jpg
No.10,https://images2.imgbox.com/f3/3f/qGkIW9Qw_o.jpg
No.10,https://images2.imgbox.com/f3/3f/qGkIW9Qw_o.jpg
No.10,https://images2.imgbox.com/f3/3f/qGkIW9Qw_o.jpg
No.10,https://images2.imgbox.com/f3/3f/qGkIW9Qw_o.jpg
No.11,https://images2.imgbox.com/b7/1a/Zaj4giiw_o.jpg
No.12,https://images2.imgbox.com/e8/b6/q6BkuNwL_o.jpg
No.13,https://images2.imgbox.com/d9/9b/fIrU68KV_o.jpg
No.13,https://images2.imgbox.com/d9/9b/fIrU68KV_o.jpg
No.14,https://images2.imgbox.com/fd/8a/RCRdOeYV_o.jpg
No.15,https://images2.imgbox.com/4e/c2/vQhflexz_o.jpg
No.16,https://images2.imgbox.com/20/91/Ao9PqaLt_o.jpg
No.17,https://images2.imgbox.com/4a/ee/xUkZkU1P_o.jpg
No.18,https://images2.imgbox.com/7e/35/VuPoKLM1_o.jpg
No.19,https://images2.imgbox.com/b8/b7/9USEbCDF_o.jpg
No.20,https://images2.imgbox.com/69/71/yThLC5xA_o.jpg
No.21,https://images2.imgbox.com/9b/ec/X3mxo2ps_o.jpg
No.22,https://images2.imgbox.com/c5/de/Z5IsBJ9X_o.jpg
No.23,https://images2.imgbox.com/56/ea/5mkeR8ge_o.jpg
No.23,https://images2.imgbox.com/56/ea/5mkeR8ge_o.jpg
No.23,https://images2.imgbox.com/56/ea/5mkeR8ge_o.jpg
No.24,https://images2.imgbox.com/bd/e0/8Gv5R644_o.jpg
No.24,https://images2.imgbox.com/bd/e0/8Gv5R644_o.jpg
No.24,https://images2.imgbox.com/bd/e0/8Gv5R644_o.jpg
No.25,https://images2.imgbox.com/09/c5/omsRG57u_o.jpg
No.26,https://images2.imgbox.com/85/6e/bZzp8cdD_o.jpg
No.27,https://images2.imgbox.com/55/7d/jKDsFZCj_o.jpg
